model,split_seed,feature,importance_mean,importance_std
Logistic Regression,0,Pregnancies,-0.0360720493814178,0.02240794042232542
Logistic Regression,0,Glucose,0.20291122949790083,0.05667295773094997
Logistic Regression,0,BloodPressure,0.0,0.0
Logistic Regression,0,SkinThickness,-0.0025393881381467437,0.007997985917423242
Logistic Regression,0,Insulin,-0.0018952317481158664,0.005929104060218517
Logistic Regression,0,BMI,0.04446306849494331,0.04438832165862954
Logistic Regression,0,DiabetesPedigreeFunction,-0.008614690296535903,0.011690470567852966
Logistic Regression,0,Age,-0.013936236123501951,0.012648431968810953
SVM (RBF),0,Pregnancies,-0.016846062060057405,0.021297816285790545
SVM (RBF),0,Glucose,0.20107303620498,0.0522512942882704
SVM (RBF),0,BloodPressure,-0.012586307298791729,0.018792947017047104
SVM (RBF),0,SkinThickness,-0.006315956981050241,0.016535870841733837
SVM (RBF),0,Insulin,0.007045574882167797,0.019007340417677536
SVM (RBF),0,BMI,0.047234220934890235,0.026933235452958785
SVM (RBF),0,DiabetesPedigreeFunction,0.013229802406236117,0.02158832069881036
SVM (RBF),0,Age,0.0021864980018102666,0.02551465764748392
Random Forest,0,Pregnancies,-0.006323022004733643,0.01680597286851214
Random Forest,0,Glucose,0.18207327136305687,0.04466104740738172
Random Forest,0,BloodPressure,-0.016198925128287727,0.016924162351935522
Random Forest,0,SkinThickness,-0.02999172248257256,0.02463077484291193
Random Forest,0,Insulin,0.005445665366124789,0.031226432883818652
Random Forest,0,BMI,0.04594857863820339,0.02280843152342001
Random Forest,0,DiabetesPedigreeFunction,-0.01762456222816763,0.025845634493711554
Random Forest,0,Age,-0.025017774951185574,0.025150992655717054
KNN,0,Pregnancies,-0.033338090946679624,0.037345948283389524
KNN,0,Glucose,0.16261175152124804,0.05534448983546998
KNN,0,BloodPressure,-0.036400196885666446,0.02470960248552788
KNN,0,SkinThickness,-0.02781929068038798,0.027807595681643482
KNN,0,Insulin,-0.002726631864820865,0.028095178163376356
KNN,0,BMI,-0.021804744479890302,0.027991526271221173
KNN,0,DiabetesPedigreeFunction,-0.021974956029958068,0.01902795613459218
KNN,0,Age,0.01208493812977417,0.03116028962532681
Logistic Regression,1,Pregnancies,-0.016219199085082705,0.01635567201237707
Logistic Regression,1,Glucose,0.2083812652682296,0.05554582529553544
Logistic Regression,1,BloodPressure,0.0006863212236929724,0.011731699445772225
Logistic Regression,1,SkinThickness,0.0,0.0
Logistic Regression,1,Insulin,0.0021450459652706754,0.005468815617234323
Logistic Regression,1,BMI,0.04126806658878424,0.03564485099767632
Logistic Regression,1,DiabetesPedigreeFunction,-0.02344918700037983,0.02888059247305779
Logistic Regression,1,Age,-0.015258946566158164,0.01117623499930097
SVM (RBF),1,Pregnancies,-0.007568115517667296,0.015223915720842961
SVM (RBF),1,Glucose,0.18488735510173226,0.06517291261129252
SVM (RBF),1,BloodPressure,-0.005330148443172899,0.01902345288441394
SVM (RBF),1,SkinThickness,0.0020198563185777323,0.008201568998288462
SVM (RBF),1,Insulin,-0.008238137243583831,0.017150026544991332
SVM (RBF),1,BMI,0.05693148730655178,0.04032992591081392
SVM (RBF),1,DiabetesPedigreeFunction,-0.01333210261050956,0.02611536086971268
SVM (RBF),1,Age,0.006951269974000929,0.017896541677686867
Random Forest,1,Pregnancies,-0.006218574403846851,0.02008736396613007
Random Forest,1,Glucose,0.11690641867341782,0.05004209358921199
Random Forest,1,BloodPressure,-0.001026129677024242,0.02015792223036907
Random Forest,1,SkinThickness,0.008569181082884092,0.011922044793921525
Random Forest,1,Insulin,-0.008147179916220937,0.023429183092129494
Random Forest,1,BMI,0.03449583113592967,0.04420153233067416
Random Forest,1,DiabetesPedigreeFunction,-0.026822429599693172,0.032163675930552776
Random Forest,1,Age,-0.017792250935526048,0.023806932536707695
KNN,1,Pregnancies,0.03610454220063606,0.033467430942408234
KNN,1,Glucose,0.18017163913804912,0.05481914869760247
KNN,1,BloodPressure,0.04743410972673761,0.031049005647434864
KNN,1,SkinThickness,0.04615329524459422,0.0256225331598853
KNN,1,Insulin,0.014197646622592397,0.016651858005888157
KNN,1,BMI,0.08235482819783933,0.03368206279518523
KNN,1,DiabetesPedigreeFunction,0.050801251771786404,0.028686416751413205
KNN,1,Age,0.10143610690808286,0.04014551192079554
Logistic Regression,2,Pregnancies,-0.009679784522540525,0.027017816976717263
Logistic Regression,2,Glucose,0.21285338653493238,0.05632577918925308
Logistic Regression,2,BloodPressure,-0.0019439960104220074,0.01379233558269413
Logistic Regression,2,SkinThickness,-0.01804470656449164,0.0135332858125508
Logistic Regression,2,Insulin,0.003754380118559005,0.013249090238612999
Logistic Regression,2,BMI,0.011725526167646608,0.035510029929259085
Logistic Regression,2,DiabetesPedigreeFunction,0.001148542599617312,0.02021893049689102
Logistic Regression,2,Age,-0.007578349312369392,0.013640732123245958
SVM (RBF),2,Pregnancies,-0.0013189258279560153,0.02508256070801831
SVM (RBF),2,Glucose,0.20064619984537216,0.0573423831810848
SVM (RBF),2,BloodPressure,-0.005128468922987572,0.013270693139167532
SVM (RBF),2,SkinThickness,-0.02483315495768918,0.012902579735212638
SVM (RBF),2,Insulin,0.001381645352019001,0.011652238833178388
SVM (RBF),2,BMI,-0.010454759224493,0.03570833254933546
SVM (RBF),2,DiabetesPedigreeFunction,-0.005650111588533627,0.029875299086879945
SVM (RBF),2,Age,-0.016438748262970527,0.012541804166656694
Random Forest,2,Pregnancies,-0.019509794118910306,0.028789797838394506
Random Forest,2,Glucose,0.15658465758005022,0.0495679067302943
Random Forest,2,BloodPressure,-0.027929910847898965,0.01619756521802829
Random Forest,2,SkinThickness,-0.022209793622101574,0.021412138109271485
Random Forest,2,Insulin,0.01776948623295412,0.020095199743093196
Random Forest,2,BMI,0.023798931173897437,0.040115861518680976
Random Forest,2,DiabetesPedigreeFunction,0.001480541594395357,0.022664409006368156
Random Forest,2,Age,0.006548568829797977,0.02000416752938816
KNN,2,Pregnancies,-0.029693905993449652,0.03003843130927671
KNN,2,Glucose,0.1372315160535259,0.037797781442570816
KNN,2,BloodPressure,-0.014126994479873351,0.028289380903785993
KNN,2,SkinThickness,-0.021917894665247746,0.03350425002971321
KNN,2,Insulin,-0.010750080398969814,0.02019382391830354
KNN,2,BMI,0.014918737858872778,0.03454050100509823
KNN,2,DiabetesPedigreeFunction,-0.016331851608352065,0.0382729720693987
KNN,2,Age,0.01999451395964565,0.03622007682728369
Logistic Regression,3,Pregnancies,0.04099087933591628,0.0313921893615005
Logistic Regression,3,Glucose,0.2273256128821285,0.04500178100865879
Logistic Regression,3,BloodPressure,0.00032853251460795985,0.01691944322777411
Logistic Regression,3,SkinThickness,0.02023140190833749,0.012989014172923167
Logistic Regression,3,Insulin,0.001151609290900546,0.0063223677358795
Logistic Regression,3,BMI,0.09260330531081344,0.04190737426991871
Logistic Regression,3,DiabetesPedigreeFunction,0.01590340341295725,0.02297451562208646
Logistic Regression,3,Age,0.0051550490272810594,0.010715930931253
SVM (RBF),3,Pregnancies,-0.004770152334122901,0.03464170660297464
SVM (RBF),3,Glucose,0.1609797586954242,0.04993799195578127
SVM (RBF),3,BloodPressure,-0.04308071730041195,0.017194504161304767
SVM (RBF),3,SkinThickness,-0.0016272665044627802,0.011587253467540033
SVM (RBF),3,Insulin,-0.009292865616007376,0.01887234258399224
SVM (RBF),3,BMI,0.032119598054208456,0.03787428438989437
SVM (RBF),3,DiabetesPedigreeFunction,0.0013540906606885673,0.02024807098873004
SVM (RBF),3,Age,0.002825824230280035,0.02348286672117705
Random Forest,3,Pregnancies,0.0016877713696543339,0.020743718841756235
Random Forest,3,Glucose,0.16241247871307116,0.05165352439176305
Random Forest,3,BloodPressure,-0.01634099200236149,0.021778415001466205
Random Forest,3,SkinThickness,-0.007272820519140551,0.01642526032734153
Random Forest,3,Insulin,-0.0013149460417238672,0.024889054586338794
Random Forest,3,BMI,0.05268545324819448,0.04437377050923212
Random Forest,3,DiabetesPedigreeFunction,0.009124373098546239,0.02375822742518465
Random Forest,3,Age,0.03732863072553362,0.03223480247655163
KNN,3,Pregnancies,0.009499653898771358,0.03172558374428566
KNN,3,Glucose,0.09954894186239055,0.03324089302129596
KNN,3,BloodPressure,-0.0032933239605386706,0.027302004030378732
KNN,3,SkinThickness,0.0032597514893880335,0.026820027839355675
KNN,3,Insulin,0.021538747224708055,0.026206868708576903
KNN,3,BMI,0.05999103246143579,0.03700964680190812
KNN,3,DiabetesPedigreeFunction,0.013480189071625974,0.02280625509619117
KNN,3,Age,0.022028180718401093,0.03299283073476394
Logistic Regression,4,Pregnancies,0.029069816312564348,0.02279364222745022
Logistic Regression,4,Glucose,0.1469304552216127,0.06547861572085847
Logistic Regression,4,BloodPressure,-0.010626487165881153,0.007514063917189921
Logistic Regression,4,SkinThickness,-0.00018809145947216906,0.001012903508072091
Logistic Regression,4,Insulin,-0.009670608555452183,0.014028018246546894
Logistic Regression,4,BMI,0.03561123428979902,0.027880445363275535
Logistic Regression,4,DiabetesPedigreeFunction,-0.002502013391048911,0.017539229880666612
Logistic Regression,4,Age,0.015131633824187014,0.010130132215388813
SVM (RBF),4,Pregnancies,-0.009694321503645964,0.028279712952414587
SVM (RBF),4,Glucose,0.12994313691473927,0.04909113670415354
SVM (RBF),4,BloodPressure,-0.022356701778899125,0.02420103606236068
SVM (RBF),4,SkinThickness,-0.013634507267062449,0.020239670777651916
SVM (RBF),4,Insulin,0.03380237670167886,0.018649065467061906
SVM (RBF),4,BMI,0.03476723367867929,0.028087654435476787
SVM (RBF),4,DiabetesPedigreeFunction,-0.014021277450453265,0.03310779251863594
SVM (RBF),4,Age,0.021040846943285747,0.032084869557413895
Random Forest,4,Pregnancies,0.04233280514910701,0.01951228044127403
Random Forest,4,Glucose,0.12897102310895184,0.051551609718519076
Random Forest,4,BloodPressure,-0.026356095973727164,0.02501362198756012
Random Forest,4,SkinThickness,-0.0005888981695860977,0.01826635789066107
Random Forest,4,Insulin,0.015020579989495504,0.019286027033014564
Random Forest,4,BMI,0.03364901055868903,0.03231191031173602
Random Forest,4,DiabetesPedigreeFunction,0.001807527489136762,0.020482825612382658
Random Forest,4,Age,0.0248810775532758,0.022142165008239664
KNN,4,Pregnancies,0.0030858139253178633,0.025203843076384635
KNN,4,Glucose,0.15477184259545465,0.05023693751536685
KNN,4,BloodPressure,-7.421202789145523e-05,0.022356533970431112
KNN,4,SkinThickness,-0.01908760652924996,0.0244164434265917
KNN,4,Insulin,0.024557799798970645,0.01660860171252305
KNN,4,BMI,0.04353977604028309,0.03100282894391683
KNN,4,DiabetesPedigreeFunction,-0.029774973084382535,0.027913714985053708
KNN,4,Age,0.05860004823705426,0.031798697816117785
